-- MySQL dump 10.13  Distrib 8.0.28, for Win64 (x86_64)
--
-- Host: localhost    Database: kwaje
-- ------------------------------------------------------
-- Server version	8.0.28

/*!40101 SET @OLD_CHARACTER_SET_CLIENT=@@CHARACTER_SET_CLIENT */;
/*!40101 SET @OLD_CHARACTER_SET_RESULTS=@@CHARACTER_SET_RESULTS */;
/*!40101 SET @OLD_COLLATION_CONNECTION=@@COLLATION_CONNECTION */;
/*!50503 SET NAMES utf8 */;
/*!40103 SET @OLD_TIME_ZONE=@@TIME_ZONE */;
/*!40103 SET TIME_ZONE='+00:00' */;
/*!40014 SET @OLD_UNIQUE_CHECKS=@@UNIQUE_CHECKS, UNIQUE_CHECKS=0 */;
/*!40014 SET @OLD_FOREIGN_KEY_CHECKS=@@FOREIGN_KEY_CHECKS, FOREIGN_KEY_CHECKS=0 */;
/*!40101 SET @OLD_SQL_MODE=@@SQL_MODE, SQL_MODE='NO_AUTO_VALUE_ON_ZERO' */;
/*!40111 SET @OLD_SQL_NOTES=@@SQL_NOTES, SQL_NOTES=0 */;

--
-- Table structure for table `buytbl`
--

DROP TABLE IF EXISTS `buytbl`;
/*!40101 SET @saved_cs_client     = @@character_set_client */;
/*!50503 SET character_set_client = utf8mb4 */;
CREATE TABLE `buytbl` (
  `buyNo` int NOT NULL AUTO_INCREMENT,
  `buyUser` varchar(30) NOT NULL,
  `buyProduct` varchar(30) NOT NULL,
  `buyStock` int NOT NULL,
  `buyPrice` double NOT NULL,
  PRIMARY KEY (`buyNo`),
  KEY `buyUser` (`buyUser`),
  KEY `buyProduct` (`buyProduct`),
  CONSTRAINT `buytbl_ibfk_1` FOREIGN KEY (`buyUser`) REFERENCES `user` (`id`) ON UPDATE CASCADE,
  CONSTRAINT `buytbl_ibfk_2` FOREIGN KEY (`buyProduct`) REFERENCES `product` (`productName`) ON UPDATE CASCADE
) ENGINE=InnoDB AUTO_INCREMENT=22 DEFAULT CHARSET=utf8mb4 COLLATE=utf8mb4_0900_ai_ci;
/*!40101 SET character_set_client = @saved_cs_client */;

--
-- Dumping data for table `buytbl`
--

LOCK TABLES `buytbl` WRITE;
/*!40000 ALTER TABLE `buytbl` DISABLE KEYS */;
INSERT INTO `buytbl` VALUES (1,'num1','갤럭시S10',1,1000),(2,'num1','갤럭시S10',1,1000),(3,'num1','새우깡',2,0),(4,'num1','새우깡',80,96000),(5,'num1','안경닦이',20,60000),(6,'num1','안경닦이',10,30000),(7,'num1','갤럭시S10',1,990000),(8,'num1','안경닦이',10,30000),(9,'num1','안경닦이',10,30000),(10,'num1','안경닦이',10,30000),(11,'num1','안경닦이',10,30000),(12,'num1','아이패드프로',10,0),(13,'num1','갤럭시S10',2,0),(14,'num1','아이패드프로',1,1490000),(15,'num1','안경닦이',2,6000),(16,'num1','새우깡',2,2400),(17,'num1','안경닦이',1,3000),(18,'num1','갤럭시S10',1,990000),(19,'num1','아이패드프로',2,0),(20,'num1','안경닦이',2,6000),(21,'num1','안경닦이',1,3000);
/*!40000 ALTER TABLE `buytbl` ENABLE KEYS */;
UNLOCK TABLES;

--
-- Table structure for table `product`
--

DROP TABLE IF EXISTS `product`;
/*!40101 SET @saved_cs_client     = @@character_set_client */;
/*!50503 SET character_set_client = utf8mb4 */;
CREATE TABLE `product` (
  `productName` varchar(20) NOT NULL,
  `stock` int NOT NULL,
  `price` int NOT NULL,
  PRIMARY KEY (`productName`)
) ENGINE=InnoDB DEFAULT CHARSET=utf8mb4 COLLATE=utf8mb4_0900_ai_ci;
/*!40101 SET character_set_client = @saved_cs_client */;

--
-- Dumping data for table `product`
--

LOCK TABLES `product` WRITE;
/*!40000 ALTER TABLE `product` DISABLE KEYS */;
INSERT INTO `product` VALUES ('갤럭시S10',498,990000),('무선선풍기',1000,69800),('새우깡',9920,1200),('아이패드프로',109,1490000),('안경닦이',9924,3000);
/*!40000 ALTER TABLE `product` ENABLE KEYS */;
UNLOCK TABLES;

--
-- Table structure for table `user`
--

DROP TABLE IF EXISTS `user`;
/*!40101 SET @saved_cs_client     = @@character_set_client */;
/*!50503 SET character_set_client = utf8mb4 */;
CREATE TABLE `user` (
  `id` varchar(30) NOT NULL,
  `pw` varchar(30) NOT NULL,
  `admin` int NOT NULL,
  `rank` int NOT NULL,
  PRIMARY KEY (`id`)
) ENGINE=InnoDB DEFAULT CHARSET=utf8mb4 COLLATE=utf8mb4_0900_ai_ci;
/*!40101 SET character_set_client = @saved_cs_client */;

--
-- Dumping data for table `user`
--

LOCK TABLES `user` WRITE;
/*!40000 ALTER TABLE `user` DISABLE KEYS */;
INSERT INTO `user` VALUES ('admin','1234',1,0),('num1','1234',0,1);
/*!40000 ALTER TABLE `user` ENABLE KEYS */;
UNLOCK TABLES;
/*!40103 SET TIME_ZONE=@OLD_TIME_ZONE */;

/*!40101 SET SQL_MODE=@OLD_SQL_MODE */;
/*!40014 SET FOREIGN_KEY_CHECKS=@OLD_FOREIGN_KEY_CHECKS */;
/*!40014 SET UNIQUE_CHECKS=@OLD_UNIQUE_CHECKS */;
/*!40101 SET CHARACTER_SET_CLIENT=@OLD_CHARACTER_SET_CLIENT */;
/*!40101 SET CHARACTER_SET_RESULTS=@OLD_CHARACTER_SET_RESULTS */;
/*!40101 SET COLLATION_CONNECTION=@OLD_COLLATION_CONNECTION */;
/*!40111 SET SQL_NOTES=@OLD_SQL_NOTES */;

-- Dump completed on 2022-05-24 22:22:57
